Suite/Test/Step Name,Browser,Description,Tag,Start time,End time,Duration,Status
CuraHealthcareTestSuiteManualMode,Chrome 121.0.0.0,,,09-02-2024 13:02:29,09-02-2024 13:02:37,8.024s,PASSED
,,,,,,,
Test Cases/Modes/02Manual Mode/TC001_ManualMode_Cura,Chrome 121.0.0.0,,,09-02-2024 13:02:29,09-02-2024 13:02:37,7.872s,PASSED
"openBrowser("""")",Chrome 121.0.0.0,,,09-02-2024 13:02:30,09-02-2024 13:02:31,1.553s,PASSED
"navigateToUrl(""https://katalon-demo-cura.herokuapp.com/"")",Chrome 121.0.0.0,,,09-02-2024 13:02:31,09-02-2024 13:02:34,3.077s,PASSED
"click(findTestObject(""Cura_OR/Page_CURA Healthcare Service/i_CURA Healthcare_fa fa-bars""))",Chrome 121.0.0.0,,,09-02-2024 13:02:34,09-02-2024 13:02:35,0.396s,PASSED
"click(findTestObject(""Cura_OR/Page_CURA Healthcare Service/a_Login""))",Chrome 121.0.0.0,,,09-02-2024 13:02:35,09-02-2024 13:02:36,0.855s,PASSED
"sendKeys(findTestObject(""Cura_OR/Page_CURA Healthcare Service/input_Username_username""), ""John Doe"")",Chrome 121.0.0.0,,,09-02-2024 13:02:36,09-02-2024 13:02:36,0.482s,PASSED
"sendKeys(findTestObject(""Cura_OR/Page_CURA Healthcare Service/input_Password_password""), ""ThisIsNotAPassword"")",Chrome 121.0.0.0,,,09-02-2024 13:02:36,09-02-2024 13:02:36,0.344s,PASSED
"click(findTestObject(""Cura_OR/Page_CURA Healthcare Service/button_Login""))",Chrome 121.0.0.0,,,09-02-2024 13:02:36,09-02-2024 13:02:37,0.865s,PASSED
