Suite/Test/Step Name,Browser,Description,Tag,Start time,End time,Duration,Status
CuraHealthcareTestSuiteScriptMode,Edge Chromium 121,,,09-02-2024 13:06:02,09-02-2024 13:06:23,20.653s,PASSED
,,,,,,,
Test Cases/Modes/03Script Mode/CuraHealthcareService_ScriptMode,Edge Chromium 121,,,09-02-2024 13:06:03,09-02-2024 13:06:23,20.203s,PASSED
"openBrowser("""")",Edge Chromium 121,,,09-02-2024 13:06:03,09-02-2024 13:06:07,3.951s,PASSED
"navigateToUrl(""https://katalon-demo-cura.herokuapp.com/"")",Edge Chromium 121,,,09-02-2024 13:06:07,09-02-2024 13:06:15,7.777s,PASSED
maximizeWindow(),Edge Chromium 121,,,09-02-2024 13:06:15,09-02-2024 13:06:15,0.219s,PASSED
"click(findTestObject(""Object Repository/Cura_OR/Page_CURA Healthcare Service/i_CURA Healthcare_fa fa-bars""))",Edge Chromium 121,,,09-02-2024 13:06:15,09-02-2024 13:06:16,0.734s,PASSED
"click(findTestObject(""Object Repository/Cura_OR/Page_CURA Healthcare Service/a_Login""))",Edge Chromium 121,,,09-02-2024 13:06:16,09-02-2024 13:06:19,2.962s,PASSED
"setText(findTestObject(""Object Repository/Cura_OR/Page_CURA Healthcare Service/input_Username_username""), ""John Doe"")",Edge Chromium 121,,,09-02-2024 13:06:19,09-02-2024 13:06:20,1.004s,PASSED
"setText(findTestObject(""Object Repository/Cura_OR/Page_CURA Healthcare Service/input_Password_password""), ""ThisIsNotAPassword"")",Edge Chromium 121,,,09-02-2024 13:06:20,09-02-2024 13:06:21,0.965s,PASSED
"click(findTestObject(""Object Repository/Cura_OR/Page_CURA Healthcare Service/button_Login""))",Edge Chromium 121,,,09-02-2024 13:06:21,09-02-2024 13:06:22,1.148s,PASSED
closeBrowser(),Edge Chromium 121,,,09-02-2024 13:06:22,09-02-2024 13:06:23,0.791s,PASSED
