Suite/Test/Step Name,Browser,Description,Tag,Start time,End time,Duration,Status
CuraHealthcareTestSuiteManualMode,Chrome 121.0.0.0,,,09-02-2024 12:56:52,09-02-2024 12:57:04,12.745s,PASSED
,,,,,,,
Test Cases/Modes/02Manual Mode/TC001_ManualMode_Cura,Chrome 121.0.0.0,,,09-02-2024 12:56:52,09-02-2024 12:57:04,12.602s,PASSED
"openBrowser("""")",Chrome 121.0.0.0,,,09-02-2024 12:56:52,09-02-2024 12:56:54,1.506s,PASSED
"navigateToUrl(""https://katalon-demo-cura.herokuapp.com/"")",Chrome 121.0.0.0,,,09-02-2024 12:56:54,09-02-2024 12:57:01,7.846s,PASSED
"click(findTestObject(""Cura_OR/Page_CURA Healthcare Service/i_CURA Healthcare_fa fa-bars""))",Chrome 121.0.0.0,,,09-02-2024 12:57:01,09-02-2024 12:57:02,0.402s,PASSED
"click(findTestObject(""Cura_OR/Page_CURA Healthcare Service/a_Login""))",Chrome 121.0.0.0,,,09-02-2024 12:57:02,09-02-2024 12:57:03,0.860s,PASSED
"sendKeys(findTestObject(""Cura_OR/Page_CURA Healthcare Service/input_Username_username""), ""John Doe"")",Chrome 121.0.0.0,,,09-02-2024 12:57:03,09-02-2024 12:57:03,0.478s,PASSED
"sendKeys(findTestObject(""Cura_OR/Page_CURA Healthcare Service/input_Password_password""), ""ThisIsNotAPassword"")",Chrome 121.0.0.0,,,09-02-2024 12:57:03,09-02-2024 12:57:03,0.361s,PASSED
"click(findTestObject(""Cura_OR/Page_CURA Healthcare Service/button_Login""))",Chrome 121.0.0.0,,,09-02-2024 12:57:03,09-02-2024 12:57:04,0.867s,PASSED
