Suite/Test/Step Name,Browser,Description,Tag,Start time,End time,Duration,Status
CuraLoginDataDriven,Chrome 121.0.0.0,,,09-02-2024 14:34:19,09-02-2024 14:34:57,37.761s,FAILED
,,,,,,,
Test Cases/Modes/01Recording Mode/TC003_CuraHealthcareService_VLoginPage,Chrome 121.0.0.0,,,09-02-2024 14:34:52,09-02-2024 14:34:57,4.173s,FAILED
"openBrowser("""")",Chrome 121.0.0.0,,,09-02-2024 14:34:52,09-02-2024 14:34:53,1.047s,PASSED
"navigateToUrl(""https://katalon-demo-cura.herokuapp.com/"")",Chrome 121.0.0.0,,,09-02-2024 14:34:53,09-02-2024 14:34:56,2.958s,PASSED
"click(findTestObject(""Object Repository/CuraHealthcareService_VLoginPage_OR/Page_CURA Healthcare Service/i_fa fa-bars""))",Chrome 121.0.0.0,,,09-02-2024 14:34:56,09-02-2024 14:34:57,0.147s,FAILED
