Suite/Test/Step Name,Browser,Description,Tag,Start time,End time,Duration,Status
CuraHealthcareTestSuiteRecordMode,Edge Chromium 121,,,09-02-2024 13:04:51,09-02-2024 13:05:46,54.880s,PASSED
,,,,,,,
Test Cases/Modes/01Recording Mode/TC001_RecordAndPlayback_Cura,Edge Chromium 121,,,09-02-2024 13:04:51,09-02-2024 13:05:08,16.485s,PASSED
"openBrowser("""")",Edge Chromium 121,,,09-02-2024 13:04:52,09-02-2024 13:04:53,1.552s,PASSED
"navigateToUrl(""https://katalon-demo-cura.herokuapp.com/"")",Edge Chromium 121,,,09-02-2024 13:04:53,09-02-2024 13:04:56,2.519s,PASSED
"verifyElementText(findTestObject(""Object Repository/CuraHealthcareService_RecordMode_OR/Page_CURA Healthcare Service/h1_CURA Healthcare Service""), ""CURA Healthcare Service"")",Edge Chromium 121,,,09-02-2024 13:04:56,09-02-2024 13:04:56,0.392s,PASSED
"click(findTestObject(""Object Repository/CuraHealthcareService_RecordMode_OR/Page_CURA Healthcare Service/i_fa fa-bars""))",Edge Chromium 121,,,09-02-2024 13:04:56,09-02-2024 13:04:57,0.354s,PASSED
"click(findTestObject(""Object Repository/CuraHealthcareService_RecordMode_OR/Page_CURA Healthcare Service/a_Login""))",Edge Chromium 121,,,09-02-2024 13:04:57,09-02-2024 13:04:58,1.028s,PASSED
"setText(findTestObject(""Object Repository/CuraHealthcareService_RecordMode_OR/Page_CURA Healthcare Service/input_username""), ""John Doe"")",Edge Chromium 121,,,09-02-2024 13:04:58,09-02-2024 13:04:58,0.659s,PASSED
"setEncryptedText(findTestObject(""Object Repository/CuraHealthcareService_RecordMode_OR/Page_CURA Healthcare Service/input_password""), ""g3/DOGG74jC3Flrr3yH+3D/yKbOqqUNM"")",Edge Chromium 121,,,09-02-2024 13:04:58,09-02-2024 13:04:59,0.402s,PASSED
"click(findTestObject(""Object Repository/CuraHealthcareService_RecordMode_OR/Page_CURA Healthcare Service/button_Login""))",Edge Chromium 121,,,09-02-2024 13:04:59,09-02-2024 13:05:00,0.868s,PASSED
"selectOptionByValue(findTestObject(""Object Repository/CuraHealthcareService_RecordMode_OR/Page_CURA Healthcare Service/select_Tokyo CURA Healthcare Center        _5b4107""), ""Hongkong CURA Healthcare Center"", true)",Edge Chromium 121,,,09-02-2024 13:05:00,09-02-2024 13:05:01,0.986s,PASSED
"click(findTestObject(""Object Repository/CuraHealthcareService_RecordMode_OR/Page_CURA Healthcare Service/input_hospital_readmission""))",Edge Chromium 121,,,09-02-2024 13:05:01,09-02-2024 13:05:01,0.380s,PASSED
"click(findTestObject(""Object Repository/CuraHealthcareService_RecordMode_OR/Page_CURA Healthcare Service/input_programs""))",Edge Chromium 121,,,09-02-2024 13:05:01,09-02-2024 13:05:01,0.325s,PASSED
"click(findTestObject(""Object Repository/CuraHealthcareService_RecordMode_OR/Page_CURA Healthcare Service/span_glyphicon glyphicon-calendar""))",Edge Chromium 121,,,09-02-2024 13:05:01,09-02-2024 13:05:02,0.329s,PASSED
"click(findTestObject(""Object Repository/CuraHealthcareService_RecordMode_OR/Page_CURA Healthcare Service/td_26""))",Edge Chromium 121,,,09-02-2024 13:05:02,09-02-2024 13:05:02,0.546s,PASSED
"setText(findTestObject(""Object Repository/CuraHealthcareService_RecordMode_OR/Page_CURA Healthcare Service/textarea_comment""), ""Recording Mode Started"")",Edge Chromium 121,,,09-02-2024 13:05:02,09-02-2024 13:05:03,0.814s,PASSED
"click(findTestObject(""Object Repository/CuraHealthcareService_RecordMode_OR/Page_CURA Healthcare Service/button_Book Appointment""))",Edge Chromium 121,,,09-02-2024 13:05:03,09-02-2024 13:05:04,0.619s,PASSED
"verifyElementText(findTestObject(""Object Repository/CuraHealthcareService_RecordMode_OR/Page_CURA Healthcare Service/h2_Appointment Confirmation""), ""Appointment Confirmation"")",Edge Chromium 121,,,09-02-2024 13:05:04,09-02-2024 13:05:04,0.292s,PASSED
"click(findTestObject(""Object Repository/CuraHealthcareService_RecordMode_OR/Page_CURA Healthcare Service/a_Go to Homepage""))",Edge Chromium 121,,,09-02-2024 13:05:04,09-02-2024 13:05:04,0.623s,PASSED
"click(findTestObject(""Object Repository/CuraHealthcareService_RecordMode_OR/Page_CURA Healthcare Service/i_fa fa-bars""))",Edge Chromium 121,,,09-02-2024 13:05:04,09-02-2024 13:05:05,0.292s,PASSED
"click(findTestObject(""Object Repository/CuraHealthcareService_RecordMode_OR/Page_CURA Healthcare Service/a_History""))",Edge Chromium 121,,,09-02-2024 13:05:05,09-02-2024 13:05:06,0.836s,PASSED
"verifyElementText(findTestObject(""Object Repository/CuraHealthcareService_RecordMode_OR/Page_CURA Healthcare Service/h2_History""), ""History"")",Edge Chromium 121,,,09-02-2024 13:05:06,09-02-2024 13:05:06,0.388s,PASSED
"click(findTestObject(""Object Repository/CuraHealthcareService_RecordMode_OR/Page_CURA Healthcare Service/i_fa fa-bars""))",Edge Chromium 121,,,09-02-2024 13:05:06,09-02-2024 13:05:06,0.299s,PASSED
"click(findTestObject(""Object Repository/CuraHealthcareService_RecordMode_OR/Page_CURA Healthcare Service/a_Logout""))",Edge Chromium 121,,,09-02-2024 13:05:06,09-02-2024 13:05:08,1.310s,PASSED
closeBrowser(),Edge Chromium 121,,,09-02-2024 13:05:08,09-02-2024 13:05:08,0.289s,PASSED
,,,,,,,
Test Cases/Modes/01Recording Mode/TC002_CuraHealthcareService_VHomePage,Edge Chromium 121,,,09-02-2024 13:05:08,09-02-2024 13:05:12,3.879s,PASSED
"openBrowser("""")",Edge Chromium 121,,,09-02-2024 13:05:08,09-02-2024 13:05:09,0.747s,PASSED
"navigateToUrl(""https://katalon-demo-cura.herokuapp.com/"")",Edge Chromium 121,,,09-02-2024 13:05:09,09-02-2024 13:05:11,2.538s,PASSED
"verifyElementText(findTestObject(""Object Repository/CuraHealthcareService_VHomePage_OR/Page_CURA Healthcare Service/h1_CURA Healthcare Service""), ""CURA Healthcare Service"")",Edge Chromium 121,,,09-02-2024 13:05:11,09-02-2024 13:05:12,0.309s,PASSED
closeBrowser(),Edge Chromium 121,,,09-02-2024 13:05:12,09-02-2024 13:05:12,0.232s,PASSED
,,,,,,,
Test Cases/Modes/01Recording Mode/TC004_CuraHealthcareService_VAppointment1,Edge Chromium 121,,,09-02-2024 13:05:12,09-02-2024 13:05:27,15.021s,PASSED
"openBrowser("""")",Edge Chromium 121,,,09-02-2024 13:05:12,09-02-2024 13:05:13,0.739s,PASSED
"navigateToUrl(""https://katalon-demo-cura.herokuapp.com/"")",Edge Chromium 121,,,09-02-2024 13:05:13,09-02-2024 13:05:17,4.861s,PASSED
"click(findTestObject(""Object Repository/CuraHealthcareService_VAppointment1_OR/Page_CURA Healthcare Service/a_Make Appointment""))",Edge Chromium 121,,,09-02-2024 13:05:17,09-02-2024 13:05:18,0.861s,PASSED
"setText(findTestObject(""Object Repository/CuraHealthcareService_VAppointment1_OR/Page_CURA Healthcare Service/input_username""), ""John Doe"")",Edge Chromium 121,,,09-02-2024 13:05:18,09-02-2024 13:05:19,0.775s,PASSED
"setEncryptedText(findTestObject(""Object Repository/CuraHealthcareService_VAppointment1_OR/Page_CURA Healthcare Service/input_password""), ""g3/DOGG74jC3Flrr3yH+3D/yKbOqqUNM"")",Edge Chromium 121,,,09-02-2024 13:05:19,09-02-2024 13:05:20,0.554s,PASSED
"click(findTestObject(""Object Repository/CuraHealthcareService_VAppointment1_OR/Page_CURA Healthcare Service/button_Login""))",Edge Chromium 121,,,09-02-2024 13:05:20,09-02-2024 13:05:21,1.043s,PASSED
"selectOptionByValue(findTestObject(""Object Repository/CuraHealthcareService_VAppointment1_OR/Page_CURA Healthcare Service/select_Tokyo CURA Healthcare Center        _5b4107""), ""Hongkong CURA Healthcare Center"", true)",Edge Chromium 121,,,09-02-2024 13:05:21,09-02-2024 13:05:22,1.243s,PASSED
"click(findTestObject(""Object Repository/CuraHealthcareService_VAppointment1_OR/Page_CURA Healthcare Service/input_hospital_readmission""))",Edge Chromium 121,,,09-02-2024 13:05:22,09-02-2024 13:05:22,0.420s,PASSED
"click(findTestObject(""Object Repository/CuraHealthcareService_VAppointment1_OR/Page_CURA Healthcare Service/input_programs""))",Edge Chromium 121,,,09-02-2024 13:05:22,09-02-2024 13:05:23,0.415s,PASSED
"click(findTestObject(""Object Repository/CuraHealthcareService_VAppointment1_OR/Page_CURA Healthcare Service/input_programs_1""))",Edge Chromium 121,,,09-02-2024 13:05:23,09-02-2024 13:05:23,0.416s,PASSED
"click(findTestObject(""Object Repository/CuraHealthcareService_VAppointment1_OR/Page_CURA Healthcare Service/div_input-group-addon""))",Edge Chromium 121,,,09-02-2024 13:05:23,09-02-2024 13:05:24,0.467s,PASSED
"click(findTestObject(""Object Repository/CuraHealthcareService_VAppointment1_OR/Page_CURA Healthcare Service/td_27""))",Edge Chromium 121,,,09-02-2024 13:05:24,09-02-2024 13:05:24,0.566s,PASSED
"setText(findTestObject(""Object Repository/CuraHealthcareService_VAppointment1_OR/Page_CURA Healthcare Service/textarea_comment""), ""Make Appointment 1"")",Edge Chromium 121,,,09-02-2024 13:05:24,09-02-2024 13:05:25,0.910s,PASSED
"click(findTestObject(""Object Repository/CuraHealthcareService_VAppointment1_OR/Page_CURA Healthcare Service/button_Book Appointment""))",Edge Chromium 121,,,09-02-2024 13:05:25,09-02-2024 13:05:26,0.784s,PASSED
"verifyElementText(findTestObject(""Object Repository/CuraHealthcareService_VAppointment1_OR/Page_CURA Healthcare Service/h2_Appointment Confirmation""), ""Appointment Confirmation"")",Edge Chromium 121,,,09-02-2024 13:05:26,09-02-2024 13:05:26,0.355s,PASSED
closeBrowser(),Edge Chromium 121,,,09-02-2024 13:05:26,09-02-2024 13:05:27,0.527s,PASSED
,,,,,,,
Test Cases/Modes/01Recording Mode/TC005_CuraHealthcareService_VAppointment2,Edge Chromium 121,,,09-02-2024 13:05:27,09-02-2024 13:05:46,19.313s,PASSED
"openBrowser("""")",Edge Chromium 121,,,09-02-2024 13:05:27,09-02-2024 13:05:28,1.155s,PASSED
"navigateToUrl(""https://katalon-demo-cura.herokuapp.com/"")",Edge Chromium 121,,,09-02-2024 13:05:28,09-02-2024 13:05:35,7.289s,PASSED
"click(findTestObject(""Object Repository/CuraHealthcareService_VAppointment2_OR/Page_CURA Healthcare Service/a_Make Appointment""))",Edge Chromium 121,,,09-02-2024 13:05:35,09-02-2024 13:05:36,0.869s,PASSED
"setText(findTestObject(""Object Repository/CuraHealthcareService_VAppointment2_OR/Page_CURA Healthcare Service/input_username""), ""John Doe"")",Edge Chromium 121,,,09-02-2024 13:05:36,09-02-2024 13:05:37,0.926s,PASSED
"setEncryptedText(findTestObject(""Object Repository/CuraHealthcareService_VAppointment2_OR/Page_CURA Healthcare Service/input_password""), ""g3/DOGG74jC3Flrr3yH+3D/yKbOqqUNM"")",Edge Chromium 121,,,09-02-2024 13:05:37,09-02-2024 13:05:38,0.570s,PASSED
"click(findTestObject(""Object Repository/CuraHealthcareService_VAppointment2_OR/Page_CURA Healthcare Service/button_Login""))",Edge Chromium 121,,,09-02-2024 13:05:38,09-02-2024 13:05:39,1.273s,PASSED
"selectOptionByValue(findTestObject(""Object Repository/CuraHealthcareService_VAppointment2_OR/Page_CURA Healthcare Service/select_Tokyo CURA Healthcare Center        _5b4107""), ""Seoul CURA Healthcare Center"", true)",Edge Chromium 121,,,09-02-2024 13:05:39,09-02-2024 13:05:40,1.122s,PASSED
"click(findTestObject(""Object Repository/CuraHealthcareService_VAppointment2_OR/Page_CURA Healthcare Service/input_hospital_readmission""))",Edge Chromium 121,,,09-02-2024 13:05:40,09-02-2024 13:05:41,0.401s,PASSED
"click(findTestObject(""Object Repository/CuraHealthcareService_VAppointment2_OR/Page_CURA Healthcare Service/input_programs""))",Edge Chromium 121,,,09-02-2024 13:05:41,09-02-2024 13:05:41,0.439s,PASSED
"click(findTestObject(""Object Repository/CuraHealthcareService_VAppointment2_OR/Page_CURA Healthcare Service/input_visit_date""))",Edge Chromium 121,,,09-02-2024 13:05:41,09-02-2024 13:05:41,0.463s,PASSED
"click(findTestObject(""Object Repository/CuraHealthcareService_VAppointment2_OR/Page_CURA Healthcare Service/td_28""))",Edge Chromium 121,,,09-02-2024 13:05:41,09-02-2024 13:05:42,0.567s,PASSED
"setText(findTestObject(""Object Repository/CuraHealthcareService_VAppointment2_OR/Page_CURA Healthcare Service/textarea_comment""), ""Make Appointment 2"")",Edge Chromium 121,,,09-02-2024 13:05:42,09-02-2024 13:05:43,0.927s,PASSED
"click(findTestObject(""Object Repository/CuraHealthcareService_VAppointment2_OR/Page_CURA Healthcare Service/button_Book Appointment""))",Edge Chromium 121,,,09-02-2024 13:05:43,09-02-2024 13:05:46,2.615s,PASSED
closeBrowser(),Edge Chromium 121,,,09-02-2024 13:05:46,09-02-2024 13:05:46,0.555s,PASSED
