Suite/Test/Step Name,Browser,Description,Tag,Start time,End time,Duration,Status
CuraHealthcareTestSuiteManualMode,Edge Chromium 121,,,09-02-2024 13:04:27,09-02-2024 13:04:41,13.961s,PASSED
,,,,,,,
Test Cases/Modes/02Manual Mode/TC001_ManualMode_Cura,Edge Chromium 121,,,09-02-2024 13:04:27,09-02-2024 13:04:41,13.834s,PASSED
"openBrowser("""")",Edge Chromium 121,,,09-02-2024 13:04:28,09-02-2024 13:04:29,1.585s,PASSED
"navigateToUrl(""https://katalon-demo-cura.herokuapp.com/"")",Edge Chromium 121,,,09-02-2024 13:04:29,09-02-2024 13:04:38,8.977s,PASSED
"click(findTestObject(""Cura_OR/Page_CURA Healthcare Service/i_CURA Healthcare_fa fa-bars""))",Edge Chromium 121,,,09-02-2024 13:04:38,09-02-2024 13:04:38,0.415s,PASSED
"click(findTestObject(""Cura_OR/Page_CURA Healthcare Service/a_Login""))",Edge Chromium 121,,,09-02-2024 13:04:38,09-02-2024 13:04:39,0.811s,PASSED
"sendKeys(findTestObject(""Cura_OR/Page_CURA Healthcare Service/input_Username_username""), ""John Doe"")",Edge Chromium 121,,,09-02-2024 13:04:39,09-02-2024 13:04:40,0.411s,PASSED
"sendKeys(findTestObject(""Cura_OR/Page_CURA Healthcare Service/input_Password_password""), ""ThisIsNotAPassword"")",Edge Chromium 121,,,09-02-2024 13:04:40,09-02-2024 13:04:40,0.398s,PASSED
"click(findTestObject(""Cura_OR/Page_CURA Healthcare Service/button_Login""))",Edge Chromium 121,,,09-02-2024 13:04:40,09-02-2024 13:04:41,0.961s,PASSED
